Feature,Importance
lesionsize,0.6327995659255239
smokeyr,0.06838566565276002
anyscr_has_nodule,0.051778697811747085
pkyr,0.05114879552409906
weight,0.03824297184651349
age,0.037085847637985725
age_quit,0.028294391714281403
smokeage,0.022965622763653222
smokeday,0.015809724332123576
agecopd,0.010634063652639468
cigsmok,0.007563527211820503
gender,0.004751035423414521
agebron,0.004718907959510529
pipe,0.0046405741569347314
cigar,0.00431074337097435
smokelive,0.003991657461164137
fammother,0.0037166480814966266
smokework,0.0035782099330316486
yrsfire,0.0030287493174165174
famsister,0.002554600222909449
